<?xml version="1.0" encoding="UTF-8"?>
<eshu xmlns="http://www.example.org/EshuConfig" xmlns:xsi="http://www.w3.org/2001/XMLSchema-instance" xsi:schemaLocation="http://www.example.org/EshuConfig EshuConfig.xsd ">
  <style>
    <editorStyle width="700" height="400" borderWidth="1" 
          borderColor="#000" background="white"  
          gridVisible="false" gridColorLine="#c0c0c0"/>
    
    <toolbarStyle width="500" height="300" borderWidth="1"
       				borderColor="black" background="WhiteSmoke"
       				position="horizontal"  />
      
    <vertice width="70" height="40" background="white"
        		backgroundSelected="blue" borderWidth="1" borderColor="red"/> 
      
    <textBox font="Georgia" color="Green" colorSelected="Black" align="left"
        		spacing="3px" backgroundSelected="Blue"/>
    
  </style>
  
   <diagram name="CasoUso" pathFile="./EERConfig.xml">
    <nodeTypes>

        <nodeConfig>
        <type>Actor</type>
        <iconTollbarSVGPath>actorIcon.svg</iconTollbarSVGPath>
        <imgSVGPath>actor8.svg</imgSVGPath>
         <label defaultValue="Actor" firstLetterCase="lowercase" letterCase="lowercase" position="bottom" disabled="false" >
          <underlined controler="" value=""/>
        </label>
        <group>Actor</group>
        <isconfigurable>true</isconfigurable>
         <infoUrlNode>
         	<url>http://www.dcc.fc.up.pt/~zp/aulas/1617/asw/indice?aulas/uml/uso/componentes/actores.html</url>
         	<url>https://www.tutorialspoint.com/uml/uml_basic_notations.htm</url>
         </infoUrlNode>
         <anchors> 
             <anchor  position="north"/>
             <anchor  position="south"/> 
         </anchors>
        <propertiesNode> 
          <property name="type" type="String" typeShow="input" disabled="true" impExp="true" view="true"  />
	      <property name="id" type="Number" typeShow="input" disabled="true" impExp="true" view="true" /> 
          <property name="x" type="Number" typeShow="input" disabled="false" impExp="true" view="true" /> 
	      <property name="y" type="Number" typeShow="input" disabled="false" impExp="true" view="true" />
	      <property name="width" type="Number" typeShow="input" disabled="false" impExp="true" view="true" /> 
	      <property name="height" type="Number" typeShow="input" disabled="false" impExp="true" view="true" /> 
	      <property name="label" type="String" typeShow="input" disabled="false" impExp="true" view="true"/> 
	      <property name="key" type="boolean" typeShow="button" disabled="false" impExp="true" view="true"/>
        </propertiesNode>
        <featuresNode>
          <feature name="key" type="boolean" value="false" imgPath="none" impExp="true" view="true"/>
        </featuresNode>
        <connects>
          <connect max="unbounded" min="0" to="Actor" with="Association"/>
          <connect max="unbounded" min="0" to="CasoUso" with="Association"/>
          <connect max="unbounded" min="0" to="Note" with="Association"/>  
        </connects>
        <degreeIn>unbounded</degreeIn>
        <degreeOut>unbounded</degreeOut> 
      </nodeConfig>
      
      
      <nodeConfig>
        <type>CasoUso</type>
        <iconTollbarSVGPath>useCaseIcon.svg</iconTollbarSVGPath>
        <imgSVGPath>usecase.svg</imgSVGPath>
         <label defaultValue="CasoUso" firstLetterCase="lowercase" letterCase="lowercase" position="center" disabled="false">
          <underlined controler="" value=""/>
        </label>
        <group>CasoUso</group>
        <isconfigurable>true</isconfigurable>
         <infoUrlNode>
         <url> http://www.dcc.fc.up.pt/~zp/aulas/1617/asw/indice?./aulas/uml/uso/componentes/actores.html </url>
        	<url>https://www.tutorialspoint.com/uml/uml_basic_notations.htm</url>
         </infoUrlNode>
         <anchors> 
             <anchor  position="north"/>
             <anchor  position="south"/> 
             <anchor  position="east"/>
             <anchor  position="west"/> 
         </anchors>
        <propertiesNode> 
          <property name="type" type="String" typeShow="input" disabled="true" impExp="true" view="true"  />
	      <property name="id" type="Number" typeShow="input" disabled="true" impExp="true" view="true" /> 
          <property name="x" type="Number" typeShow="input" disabled="false" impExp="true" view="true" /> 
	      <property name="y" type="Number" typeShow="input" disabled="false" impExp="true" view="true" />
	      <property name="width" type="Number" typeShow="input" disabled="false" impExp="true" view="true" /> 
	      <property name="height" type="Number" typeShow="input" disabled="false" impExp="true" view="true" /> 
	      <property name="label" type="String" typeShow="input" disabled="false" impExp="true" view="true"/> 
	      <property name="key" type="boolean" typeShow="button" disabled="false" impExp="true" view="true"/>
        </propertiesNode>
        <featuresNode>
          <feature name="key" type="boolean" value="false" imgPath="none" impExp="true" view="true"/>
        </featuresNode>
        <connects>
          <connect max="unbounded" min="0" to="Actor" with="Association"/>
          <connect max="unbounded" min="0" to="CasoUso" with="Association"/>
          <connect max="unbounded" min="0" to="Note" with="Association"/>  
        </connects>
        <degreeIn>unbounded</degreeIn>
        <degreeOut>unbounded</degreeOut> 
      </nodeConfig>
      
      
       <nodeConfig>
        <type>Note</type>
        <iconTollbarSVGPath>noteIcon.svg</iconTollbarSVGPath>
        <imgSVGPath>note.svg</imgSVGPath>
         <label defaultValue="Note" firstLetterCase="lowercase" letterCase="lowercase" position="center" disabled="false" >
          <underlined controler="" value=""/>
        </label>
        <group>Note</group>
        <isconfigurable>true</isconfigurable>
         <infoUrlNode>
         	<url> http://www.dcc.fc.up.pt/~zp/aulas/1617/asw/indice?./aulas/uml/uso/componentes/actores.html </url>
        	<url>https://www.tutorialspoint.com/uml/uml_basic_notations.htm</url>
         </infoUrlNode>
         <anchors> 
             <anchor  position="north"/>
             <anchor  position="south"/> 
             <anchor  position="east"/>
             <anchor  position="west"/> 
         </anchors>
        <propertiesNode> 
          <property name="type" type="String" typeShow="input" disabled="true" impExp="true" view="true"  />
	      <property name="id" type="Number" typeShow="input" disabled="true" impExp="true" view="true" /> 
          <property name="x" type="Number" typeShow="input" disabled="false" impExp="true" view="true" /> 
	      <property name="y" type="Number" typeShow="input" disabled="false" impExp="true" view="true" />
	      <property name="width" type="Number" typeShow="input" disabled="false" impExp="true" view="true" /> 
	      <property name="height" type="Number" typeShow="input" disabled="false" impExp="true" view="true" /> 
	      <property name="label" type="String" typeShow="input" disabled="false" impExp="true" view="true"/> 
	      <property name="key" type="boolean" typeShow="button" disabled="false" impExp="true" view="true"/>
        </propertiesNode>
        <featuresNode>
          <feature name="key" type="boolean" value="false" imgPath="none" impExp="true" view="true"/>
        </featuresNode>
        <connects>
          <connect max="unbounded" min="0" to="Actor" with="Association"/>
          <connect max="unbounded" min="0" to="CasoUso" with="Association"/>
          <connect max="unbounded" min="0" to="Note" with="Association"/>  
        </connects> 
        <degreeIn>unbounded</degreeIn>
        <degreeOut>unbounded</degreeOut>
      </nodeConfig>
      
        
        
    </nodeTypes>
    
    
    <edgeTypes>
      <edgeConfig>
        <type>Association</type>
        <iconTollbarSVGPath>associationIcon.svg </iconTollbarSVGPath>
        <lineDuple>false</lineDuple>
		 <label defaultValue="text" firstLetterCase="" letterCase="" position="CasoUso" disabled="false">
         <underlined controler="" value=""/> 
        </label>
        <group>Association</group>
        <isConfigurable>true</isConfigurable> 
        <infoUrlEdge> 
        	<url> http://www.dcc.fc.up.pt/~zp/aulas/1617/asw/indice?./aulas/uml/uso/componentes/relacionamentos.html </url>
        </infoUrlEdge> 
        <propertiesEdge>
           <property name="type" type="String" typeShow="input" disabled="true" impExp="true" view="true"/>
	      <property name="id" type="Number" typeShow="input" disabled="true" impExp="true" view="true" />  
	      <property name="sourceType" type="String" typeShow="input" disabled="true" impExp="true" view="true"/>
	      <property name="targetType" type="String" typeShow="input" disabled="true" impExp="true" view="true"/>
	      <property name="label" type="String" typeShow="input" disabled="false" impExp="true" view="true"/> 
	     <!--   <property name="key" type="boolean" type_show="button" disabled="false" /> -->
        </propertiesEdge>
        <featuresEdge>
          <feature name="key" type="boolean" value="false" impExp="true" view="true" />
        </featuresEdge>
        
      </edgeConfig>
    </edgeTypes>
  </diagram>
</eshu>
