<?xml version="1.0" encoding="UTF-8"?>
<dl2 xmlns="http://www.example.org/EshuConfig" xmlns:xsi="http://www.w3.org/2001/XMLSchema-instance" xsi:schemaLocation="http://www.example.org/EshuConfig  EshuConfig.xsd ">
 
  <style>
    <editorStyle width="1000" height="700" borderWidth="1" 
          borderColor="#000" background="white"  
          gridVisible="false" gridColorLine="#c0c0c0"/>
    
    <toolbarStyle width="500" height="300" borderWidth="1"
       				borderColor="black" background="WhiteSmoke"
       				position="vertical"  />
      
   <windowsProperties disabled="false" startVisible="false"/>   
  </style>
  
  <diagram extension="umluc" name="UseCase">
    
    <nodeTypes>
      <type>Actor</type>
      <variant>Actor</variant>
      <label alignment="center" defaultValue="Actor" disabled="false" firstLetterCase="lowercase" 
      			letterCase="lowercase" pattern="(\w+)" position="bottom" marginHeight="10" marginWidth="0" 
      			underlined="0"  textColor="black" textFont="11px Arial" >
        <field name="name" value="1"/>
      </label>
      <isConfigurable>true</isConfigurable>
      <includeElement>false</includeElement>
      <rotation>false</rotation>
      <infoUrlNode>
        <url> http://www.dcc.fc.up.pt/~zp/aulas/1617/asw/indice?./aulas/uml/classes/componentes/classes.html </url>
        <url>https://www.tutorialspoint.com/uml/uml_basic_notations.htm</url>
      </infoUrlNode>
       <handlers> 
         <handler  position="northwest"/> 
         <handler  position="northeast"/>
         <handler  position="southeast"/>
         <handler  position="southwest"/> 
      </handlers>
      <anchors fixed="false"> 
        <anchor  position="north"/>
        <anchor  position="south"/> 
        
      </anchors>
      <propertiesNode>
         <property name="type" type="String" typeShow="input" disabled="true" impExp="true" view="true"  />
	      <property name="id" type="Number" typeShow="input" disabled="true" impExp="true" view="true" /> 
          <property name="x" type="Number" typeShow="input" disabled="false" impExp="true" view="true" /> 
	      <property name="y" type="Number" typeShow="input" disabled="false" impExp="true" view="true" />
	      <property name="width" type="Number" typeShow="input" disabled="false" impExp="true" view="true" /> 
	      <property name="height" type="Number" typeShow="input" disabled="false" impExp="true" view="true" /> 
	      <property name="label" type="String" typeShow="input" disabled="false" impExp="true" view="true"/> 
      </propertiesNode>
       <featuresNode>
        </featuresNode>
      <nodeStyle autoresize="true" height="40" width="60" iconTollbarSVGPath="./image/actorIcon.svg" 
      				imgSVGPath="./image/actor8.svg" />
      <nodeValidation allAnchorsConnect="false" degreeIn="unbounded" degreeOut="unbounded">
        <connects>
         <connect max="unbounded" min="0" to="Actor" with="Association"/>
          <connect max="unbounded" min="0" to="UseCase" with="Association"/>
          <connect max="unbounded" min="0" to="RectangleContainer" with="Association"/>
        </connects>
      </nodeValidation>
    </nodeTypes>
    
    
    
    <nodeTypes>
      <type>UseCase</type>
      <variant>UseCase</variant>
      <label alignment="center" defaultValue="Use Case" disabled="false" firstLetterCase="lowercase" letterCase="lowercase" pattern="(\w+)" position="center" marginHeight="0" marginWidth="0" underlined="0"  textColor="black" textFont="11px Arial" >
        <field name="name" value="1"/>
      </label>
      <isConfigurable>true</isConfigurable>
      <includeElement>false</includeElement>
      <rotation>false</rotation>
      <infoUrlNode>
        <url> http://www.dcc.fc.up.pt/~zp/aulas/1617/asw/indice?./aulas/uml/uso/componentes/actores.html </url>
        <url>https://www.tutorialspoint.com/uml/uml_basic_notations.htm</url>
      </infoUrlNode>
       <handlers> 
         <handler  position="northwest"/> 
         <handler  position="northeast"/>
         <handler  position="southeast"/>
         <handler  position="southwest"/> 
      </handlers>
      <anchors fixed="false"> 
        <anchor  position="north"/>
         <anchor  position="south"/> 
         <anchor  position="east"/>
         <anchor  position="west"/> 
      </anchors>
      <propertiesNode>
         <property name="type" type="String" typeShow="input" disabled="true" impExp="true" view="true"  />
	      <property name="id" type="Number" typeShow="input" disabled="true" impExp="true" view="true" /> 
          <property name="x" type="Number" typeShow="input" disabled="false" impExp="true" view="true" /> 
	      <property name="y" type="Number" typeShow="input" disabled="false" impExp="true" view="true" />
	      <property name="width" type="Number" typeShow="input" disabled="false" impExp="true" view="true" /> 
	      <property name="height" type="Number" typeShow="input" disabled="false" impExp="true" view="true" /> 
	      <property name="label" type="String" typeShow="input" disabled="false" impExp="true" view="true"/> 
      </propertiesNode>
       <featuresNode>
        </featuresNode>
      <nodeStyle autoresize="false" height="40" iconTollbarSVGPath="./image/useCaseIcon.svg" imgSVGPath="./image/usecase.svg" width="70"/>
      <nodeValidation allAnchorsConnect="false" degreeIn="unbounded" degreeOut="unbounded">
        <connects>
         <connect max="unbounded" min="0" to="Actor" with="Association"/>
          <connect max="unbounded" min="0" to="UseCase" with="Association"/>
          <connect max="unbounded" min="0" to="UseCase" with="AssociationOnly"/>
          <connect max="unbounded" min="0" to="UseCase" with="Extend"/>
          <connect max="unbounded" min="0" to="UseCase" with="Generalization"/>
          <connect max="unbounded" min="0" to="UseCase" with="Include"/>
          <connect max="unbounded" min="0" to="Rectangle" with="Association"/>
        </connects>
      </nodeValidation>
    </nodeTypes>
    
    
     <nodeTypes>
      <type>UseCaseExtended</type>
      <variant>UseCaseExtended</variant>
      <label alignment="center" defaultValue="Use Case" disabled="false" firstLetterCase="lowercase" letterCase="lowercase" pattern="(\w+)" position="center" marginHeight="0" marginWidth="0" underlined="0"  textColor="black" textFont="11px Arial" >
        <field name="name" value="%1"/>
      </label>
      <containers>
         <container alignment="left" name="Attribute"  disabled="false" pattern="(\\w+)" underlined="0" defaultText="extension" numberDefaultTextbox="2" addTextBoxes="true" lineDash="false">
          <field name="extension" value="1"/>
         </container>
         <container alignment="left" name="Operation"  disabled="false" pattern="(\\w+)" underlined="0" defaultText="operation" numberDefaultTextbox="1" addTextBoxes="true" lineDash="false">
          <field name="extension" value="1"/>
         </container>
	  </containers>
      <isConfigurable>false</isConfigurable>
      <includeElement>false</includeElement>
       <rotation>false</rotation>
      <infoUrlNode>
        <url> http://www.dcc.fc.up.pt/~zp/aulas/1617/asw/indice?./aulas/uml/uso/componentes/actores.html </url>
        <url>https://www.tutorialspoint.com/uml/uml_basic_notations.htm</url>
      </infoUrlNode>
       <handlers> 
         <handler  position="northwest"/> 
         <handler  position="northeast"/>
         <handler  position="southeast"/>
         <handler  position="southwest"/> 
      </handlers>
      <anchors fixed="false"> 
         <anchor  position="north"/>
         <anchor  position="south"/> 
          <anchor  position="east"/>
          <anchor  position="west"/> 
      </anchors>
      <propertiesNode>
         <property name="type" type="String" typeShow="input" disabled="true" impExp="true" view="true"  />
	      <property name="id" type="Number" typeShow="input" disabled="true" impExp="true" view="true" /> 
          <property name="x" type="Number" typeShow="input" disabled="false" impExp="true" view="true" /> 
	      <property name="y" type="Number" typeShow="input" disabled="false" impExp="true" view="true" />
	      <property name="width" type="Number" typeShow="input" disabled="false" impExp="true" view="true" /> 
	      <property name="height" type="Number" typeShow="input" disabled="false" impExp="true" view="true" /> 
	      <property name="label" type="String" typeShow="input" disabled="false" impExp="true" view="true"/> 
      </propertiesNode>
       <featuresNode>
        </featuresNode>
      <nodeStyle autoresize="true" height="50" iconTollbarSVGPath="./image/UseCaseExtendedIcon.svg" imgSVGPath="./image/UseCaseExtendedIcon.svg" width="70" roundCorner="30"/>
      <nodeValidation allAnchorsConnect="false" degreeIn="unbounded" degreeOut="unbounded">
        <connects>
          <connect max="unbounded" min="0" to="Actor" with="Association"/>
          <connect max="unbounded" min="0" to="UseCase" with="Association"/>
          <connect max="unbounded" min="0" to="UseCase" with="AssociationOnly"/>
          <connect max="unbounded" min="0" to="UseCase" with="Extend"/>
          <connect max="unbounded" min="0" to="UseCase" with="Generalization"/>
          <connect max="unbounded" min="0" to="UseCase" with="Include"/>
          <connect max="unbounded" min="0" to="Rectangle" with="Association"/>
        </connects>
      </nodeValidation>
    </nodeTypes>
    
    
    
    
        
    
    <nodeTypes>
      <type>RectangleContainer</type>
      <variant>RectangleContainer</variant>
      <label alignment="center" defaultValue="Name" disabled="false" firstLetterCase="lowercase" letterCase="lowercase" pattern="(\w+)" position="top" marginHeight="0" marginWidth="0" underlined="0"  textColor="black" textFont="11px Arial" >
        <field name="name" value="%1"/>
      </label>
    
      <isConfigurable>false</isConfigurable>
      <includeElement>true</includeElement>
      <rotation>false</rotation>
      <infoUrlNode>
        <url>http://www.dcc.fc.up.pt/~zp/aulas/1617/asw/indice?./aulas/uml/uso/componentes/actores.html</url>
        <url>https://www.tutorialspoint.com/uml/uml_basic_notations.htm</url>
      </infoUrlNode>
       <handlers> 
         <handler  position="northwest"/> 
         <handler  position="northeast"/>
         <handler  position="southeast"/>
         <handler  position="southwest"/> 
      </handlers>
      <anchors> 
        <anchor  position="north"/>
        <anchor  position="south"/> 
        <anchor  position="east"/>
        <anchor  position="west"/> 
      </anchors>
      <propertiesNode>
         <property name="type" type="String" typeShow="input" disabled="true" impExp="true" view="true"  />
	      <property name="id" type="Number" typeShow="input" disabled="true" impExp="true" view="true" /> 
          <property name="x" type="Number" typeShow="input" disabled="false" impExp="true" view="true" /> 
	      <property name="y" type="Number" typeShow="input" disabled="false" impExp="true" view="true" />
	      <property name="width" type="Number" typeShow="input" disabled="false" impExp="true" view="true" /> 
	      <property name="height" type="Number" typeShow="input" disabled="false" impExp="true" view="true" /> 
	      <property name="label" type="String" typeShow="input" disabled="false" impExp="true" view="true"/> 
      </propertiesNode>
       <featuresNode>
        </featuresNode>
      <nodeStyle autoresize="false" height="120" iconTollbarSVGPath="./image/Rectangle.svg" imgSVGPath="./image/Rectangle.svg"  width="160" />
      <nodeValidation allAnchorsConnect="false" degreeIn="unbounded" degreeOut="unbounded">
        <connects>
         <connect max="unbounded" min="0" to="Class" with="all"/>
         <connect max="unbounded" min="0" to="Package" with="all"/>
        </connects>
      </nodeValidation>
    </nodeTypes>
    
    
      <edgeTypes>
      <type>Association</type>
      <variant>Association</variant>
      <label alignment="center" defaultValue="" disabled="false" firstLetterCase="" letterCase="" pattern="" position="center"
      		 underlined="0" marginHeight="0" marginWidth="0"  textColor="black" textFont="11px Arial">
        <field name="name" value="%1"/>
      </label>
      <isConfigurable>true</isConfigurable>
      <infoUrlEdge>
        <url> http://www.dcc.fc.up.pt/~zp/aulas/1617/asw/indice?./aulas/uml/uso/componentes/relacionamentos.html </url>
      </infoUrlEdge>
      <propertiesEdge>
         <property name="type" type="String" typeShow="input" disabled="true" impExp="true" view="true"/>
	      <property name="id" type="Number" typeShow="input" disabled="true" impExp="true" view="true" />  
	      <property name="sourceType" type="String" typeShow="input" disabled="true" impExp="true" view="true"/>
	      <property name="targetType" type="String" typeShow="input" disabled="true" impExp="true" view="true"/>
	      <property name="label" type="String" typeShow="input" disabled="false" impExp="true" view="true"/> 
	      <property name="cardinalitySource" type="String" typeShow="input" disabled="false" impExp="false" view="true"/> 
	      <property name="cardinalityTarget" type="String" typeShow="input" disabled="false" impExp="false" view="true"/> 
      </propertiesEdge>
     <featuresEdge> </featuresEdge>
     <cardinality>true</cardinality>
      <edgeStyle iconTollbarSVGPath="./image/associationIcon.svg" lineDuple="false" lineDash="false" >
        <headSource dash="false" fill="true" type="none"/>
        <headTarget dash="false" fill="false" type="none"/>
      </edgeStyle>
    </edgeTypes>
    
    
     <edgeTypes>
      <type>AssociationOnly</type>
      <variant>AssociationOnly</variant>
      <label alignment="center" defaultValue="" disabled="true" firstLetterCase="" letterCase="" pattern="" position="center" underlined="0" marginHeight="0" marginWidth="0"  textColor="black" textFont="11px Arial">
        <field name="name" value="%1"/>
      </label>
      <isConfigurable>true</isConfigurable>
      <infoUrlEdge>
        <url> http://www.dcc.fc.up.pt/~zp/aulas/1617/asw/indice?./aulas/uml/uso/componentes/relacionamentos.html </url>
      </infoUrlEdge>
      <propertiesEdge>
         <property name="type" type="String" typeShow="input" disabled="true" impExp="true" view="true"/>
	      <property name="id" type="Number" typeShow="input" disabled="true" impExp="true" view="true" />  
	      <property name="sourceType" type="String" typeShow="input" disabled="true" impExp="true" view="true"/>
	      <property name="targetType" type="String" typeShow="input" disabled="true" impExp="true" view="true"/>
	      <property name="label" type="String" typeShow="input" disabled="false" impExp="true" view="true"/> 
      </propertiesEdge>
     <featuresEdge> </featuresEdge>
     <cardinality>false</cardinality>
      <edgeStyle iconTollbarSVGPath="./image/associationIconOnly.svg" lineDuple="false" lineDash="false" >
         <headSource dash="false" fill="true" type="none"/>
        <headTarget dash="false" fill="false" type="arrow-open"/>
      </edgeStyle>
    </edgeTypes>
    
    
    
    
    
    <edgeTypes>
      <type>Generalization</type>
      <variant>Generalization</variant>
      <label alignment="center" defaultValue="" disabled="true" firstLetterCase="" letterCase="" pattern="" position="center" underlined="0" marginHeight="0" marginWidth="0"  textColor="black" textFont="11px Arial">
        <field name="name" value="%1"/>
      </label>
      <isConfigurable>true</isConfigurable>
      <infoUrlEdge>
        <url> http://www.dcc.fc.up.pt/~zp/aulas/1617/asw/indice?./aulas/uml/uso/componentes/relacionamentos.html </url>
      </infoUrlEdge>
      <propertiesEdge>
         <property name="type" type="String" typeShow="input" disabled="true" impExp="true" view="true"/>
	      <property name="id" type="Number" typeShow="input" disabled="true" impExp="true" view="true" />  
	      <property name="sourceType" type="String" typeShow="input" disabled="true" impExp="true" view="true"/>
	      <property name="targetType" type="String" typeShow="input" disabled="true" impExp="true" view="true"/>
	      <property name="label" type="String" typeShow="input" disabled="false" impExp="true" view="true"/> 
      </propertiesEdge>
     <featuresEdge> </featuresEdge>
     <cardinality>false</cardinality>
      <edgeStyle iconTollbarSVGPath="./image/Generalization.svg" lineDuple="false" lineDash="false" >
         <headSource dash="false" fill="false" type="none"/>
        <headTarget dash="false" fill="false" type="arrow-complete"/>
      </edgeStyle>
    </edgeTypes>
    
    
    <edgeTypes>
      <type>Extend</type>
      <variant>Extend</variant>
      <label alignment="center" defaultValue="text" disabled="false" firstLetterCase="" letterCase="" pattern=""
      		 position="center" marginHeight="0" marginWidth="0" underlined="0"  textColor="black" textFont="11px Arial">
        <field name="name" value="%1"/>
      </label>
      <isConfigurable>true</isConfigurable>
      <infoUrlEdge>
        <url> http://www.dcc.fc.up.pt/~zp/aulas/1617/asw/indice?./aulas/uml/uso/componentes/relacionamentos.html </url>
      </infoUrlEdge>
      <propertiesEdge>
         <property name="type" type="String" typeShow="input" disabled="true" impExp="true" view="true"/>
	      <property name="id" type="Number" typeShow="input" disabled="true" impExp="true" view="true" />  
	      <property name="sourceType" type="String" typeShow="input" disabled="true" impExp="true" view="true"/>
	      <property name="targetType" type="String" typeShow="input" disabled="true" impExp="true" view="true"/>
	      <property name="label" type="String" typeShow="input" disabled="false" impExp="true" view="true"/> 
      </propertiesEdge>
        <featuresEdge> </featuresEdge>
      <cardinality>false</cardinality>
      <edgeStyle iconTollbarSVGPath="./image/Extend.svg" lineDuple="false" lineDash="true">
         <headSource dash="false" fill="false" type="none"/>
        <headTarget dash="false" fill="false" type="arrow-open"/>
        <stereotype name="extend" position="top" marginHeight="2" marginWidth="0"></stereotype>
      </edgeStyle>
    </edgeTypes>
    
     <edgeTypes>
      <type>Include</type>
      <variant>Include</variant>
      <label alignment="center" defaultValue="text" disabled="false" firstLetterCase="" letterCase="" pattern="" position="center" marginHeight="0" marginWidth="0" underlined="0"  textColor="black" textFont="11px Arial">
        <field name="name" value="%1"/>
      </label>
      <isConfigurable>true</isConfigurable>
      <infoUrlEdge>
        <url> http://www.dcc.fc.up.pt/~zp/aulas/1617/asw/indice?./aulas/uml/uso/componentes/relacionamentos.html </url>
      </infoUrlEdge>
      <propertiesEdge>
         <property name="type" type="String" typeShow="input" disabled="true" impExp="true" view="true"/>
	      <property name="id" type="Number" typeShow="input" disabled="true" impExp="true" view="true" />  
	      <property name="sourceType" type="String" typeShow="input" disabled="true" impExp="true" view="true"/>
	      <property name="targetType" type="String" typeShow="input" disabled="true" impExp="true" view="true"/>
	      <property name="label" type="String" typeShow="input" disabled="false" impExp="true" view="true"/> 
      </propertiesEdge>
        <featuresEdge> </featuresEdge>
      <cardinality>false</cardinality>
      <edgeStyle iconTollbarSVGPath="./image/Include.svg" lineDuple="false" lineDash="true">
         <headSource dash="false" fill="false" type="none"/>
        <headTarget dash="false" fill="false" type="arrow-open"/>
         <stereotype name="include" position="top" marginHeight="2" marginWidth="0"></stereotype>
      </edgeStyle>
    </edgeTypes>
    
    <syntaxeValidation  
    	syntaxeValidationIn="inKora" 
    	edgesValidation="true" 
    	nodesValidation="true">
      <reducibles>
      <elementType>Node1</elementType>
      </reducibles>
      <componentValidation disable="false" numberMinComponent="unbounded" numberMaxComponent="unbounded"/>
    </syntaxeValidation>
  </diagram>
</dl2>
